<?xml version="1.0" encoding="UTF-8" standalone="yes"?>
<manifest>
  <control namespace="CrisisCommunication" constructor="Calendar" version="0.0.1" display-name-key="Calendar" description-key="Calendar description" control-type="standard" api-version="1.2.1">
    <property name="minNumberOfWeek" display-name-key="minNumberOfWeek" description-key="Sets the minimum number of weeks." of-type="Whole.None" usage="input" required="true" default-value=""/>
    <property name="weekStartsOn" display-name-key="weekStartsOn" description-key="Sets the day the week starts on." of-type="Whole.None" usage="input" required="false" default-value=""/>
    <resources>
      <code path="bundle.js" order="1"/>
      <css path="css/styles.css" order="1"/>
    </resources>
    <built-by name="pac" version="1.2.6"/>
  </control>
</manifest>